conceptType,conceptUri,preferredLabel,status,altLabels,description,broaderConceptUri,broaderConceptPT
Occupation,http://data.europa.eu/esco/occupation/01ffb917-98dc-48c1-91ad-93c4104e791d,біомедичний інженер/біомедична інженерка,released,,"Біомедичні інженери поєднують знання інженерних принципів і біологічних відкриттів для розробки методів лікування й медикаментів для загальної охорони здоров’я. Вони можуть розробляти різні рішення, починаючи від вдосконалення компонентів звичайних ліків до розробки імплантатів і лікування тканин.
	",http://data.europa.eu/esco/occupation/f9433fdb-dde1-46cf-9e91-b49d243946a7,біоінженер/біоінженерка
Occupation,http://data.europa.eu/esco/occupation/0611f232-b30e-46c7-9c26-2d59b1448e79,кримінолог/кримінологиня,released,,"Кримінологи вивчають умови для людей, наприклад, соціальні та психологічні аспекти, які можуть спонукати їх до вчинення кримінальних дій. Вони спостерігають і аналізують різні чинники, від поведінкових умов і до соціального походження та оточення підозрюваних, щоб консультувати організації щодо запобігання злочинам.
	",http://data.europa.eu/esco/isco/C2632,"Соціологи, антропологи й пов’язані з ними професіонали"
Occupation,http://data.europa.eu/esco/occupation/0959cd1d-f6c8-4362-939a-ad7d5f75d659,викладач економіки закладу вищої освіти/викладачка економіки закладу вищої освіти,released,,"Викладачі економіки закладу вищої освіти – це професори, які спеціалізуються на певних предметах, доценти, викладачі, асистенти викладачів, наставники, які навчають учнів за своєю спеціалізацією – економікою. Вони розробляють навчальний план, готують заняття (лекції, практичні заняття, семінари, тренінги тощо), контролюють результати навчання й навчальний план учня. Вони проводять наукові дослідження у своїй галузі економіки та представляють свої результати на конференціях і в публікаціях. Вони беруть часткову участь в управлінні університетом.
	",http://data.europa.eu/esco/occupation/684fd8d5-9b40-4b02-a680-438f0082d923,викладач закладу вищої освіти/викладачка закладу вищої освіти
Occupation,http://data.europa.eu/esco/occupation/0bf5d25a-2b4d-43b5-b053-beeb210fa43a,викладач медицини закладу вищої освіти/викладачка медицини закладу вищої освіти,released,,"Викладачі медицини закладу вищої освіти – це професори, викладачі, лектори, а іноді навіть студенти, які спеціалізуються на певних предметах і навчають студентів, що отримали диплом про повну середню освіту, у своїй власній спеціалізованій галузі навчання, медицині, яка носить переважно академічний характер. Спільно з науковими співробітниками та асистентами викладачів університетів вони готують лекції та іспити, оцінюють роботи й іспити, проводять лабораторні практичні заняття, а також займаються атестацією і розбиранням робіт студентів. Вони також проводять академічні дослідження у відповідній галузі медицини, публікують свої висновки та взаємодіють із колегами з інших університетів.
	",http://data.europa.eu/esco/occupation/684fd8d5-9b40-4b02-a680-438f0082d923,викладач закладу вищої освіти/викладачка закладу вищої освіти
Occupation,http://data.europa.eu/esco/occupation/0c7c9606-fde3-4658-8136-8fe0c9b8bd09,інженер із медичного обладнання/інженерка із медичного обладнання,released,,"Інженери з медичного обладнання проєктують і розробляють медико-технічні системи, установки та обладнання, наприклад, кардіостимулятори, МРТ-сканери та рентгенівські апарати. Вони контролюють весь виробничий процес від розробки концепції до впровадження продукту. Така діяльність охоплює, серед іншого, розробку вдосконалень продукту, розробку методів і технік для оцінки придатності конструкції, координацію початкового виробництва, розробку процедур випробувань і проєктування схем виробництва.
	",http://data.europa.eu/esco/occupation/4d34a9ee-2653-4da0-bef7-f59294577224,інженер-електронік/інженерка-електронік
Occupation,http://data.europa.eu/esco/occupation/0cd729a6-ed11-4338-ac4b-d4b924390128,історик/історикиня,released,,"Історики досліджують, аналізують, тлумачать і представляють минуле людських суспільств. Вони аналізують документи, джерела та сліди з минулого, щоб зрозуміти суспільства тих часів.
	",http://data.europa.eu/esco/isco/C2633,"Філософи, історики й політологи"
Occupation,http://data.europa.eu/esco/occupation/0d93706d-32fd-4de3-aa08-be1003e325da,хімік/хімікиня,released,,"Хіміки виконують лабораторні дослідження, перевіряючи та аналізуючи хімічну структуру речовин. Вони втілюють результати досліджень у процеси промислового виробництва, які надалі використовуються для розробки або вдосконалення продуктів. Хіміки також перевіряють якість виробленої продукції та її вплив на навколишнє середовище.
	",http://data.europa.eu/esco/isco/C2113,Хіміки
Occupation,http://data.europa.eu/esco/occupation/10291962-c0c7-4e5b-a7ed-0762b4d9b010,фармаколог/фармакологиня,released,,"Фармакологи вивчають спосіб взаємодії ліків і медикаментів з організмами, живими системами та їхніми частинами (тобто клітинами, тканинами чи органами). Їхні дослідження спрямовані на виявлення речовин, які можуть вживати люди і які виконують відповідні біохімічні функції для лікування хвороб.
	",http://data.europa.eu/esco/isco/C2131,"Біологи, ботаніки, зоологи й пов’язані з ними професіонали"
Occupation,http://data.europa.eu/esco/occupation/116b4c55-5bd0-41e9-9227-98d7ecffeaf6,викладач соціології закладу вищої освіти/викладачка соціології закладу вищої освіти,released,,"Викладачі соціології закладу вищої освіти — це професори, вчителі або викладачі предметів, які навчають учнів, які отримали диплом про повну середню освіту у своїй спеціальній галузі навчання — соціології, яка має переважно академічний характер. Вони працюють зі своїми університетськими науковими помічниками та університетськими помічниками викладачів \nдля підготовки лекцій та іспитів, для оцінювання робіт та іспитів, а також для проведення оглядів та відгуків щодо учнів. Вони також проводять наукові дослідження у своїй галузі соціології, публікують свої висновки та підтримують зв’язок з іншими колегами з університету.
	",http://data.europa.eu/esco/occupation/684fd8d5-9b40-4b02-a680-438f0082d923,викладач закладу вищої освіти/викладачка закладу вищої освіти
Occupation,http://data.europa.eu/esco/occupation/11a6d0f6-e692-4774-aa5f-193b67d31022,лікар-кінезіолог/лікарка-кінезіологиня,released,,"Лікарі-кінезіологи вивчають і досліджують рух тіла; його м’язи та частини. Вони аналізують і використовують наукові дані та методи для покращення руху тіла, зазвичай у людей, за використання знань в таких областей, як фізіологія, кінетика, неврологія та біологія. Вони визначають вплив деяких факторів, зокрема стану тіла, на рух і розробляють рішення для покращення загальної рухливість та пересування.
	",http://data.europa.eu/esco/isco/C2269,"Професіонали медичної сфери, не віднесені до інших категорій"
Occupation,http://data.europa.eu/esco/occupation/11b6390b-1e48-4903-a5df-d3e04b451a19,хімік-косметик/хімікиня-косметик,released,,"Хіміки-косметики розробляють формули для створення та тестування нових косметичних продуктів і вдосконалення наявних косметичних продуктів, як-от парфуми та ароматизатори, губна помада, водостійкі лосьйони та макіяж, фарби для волосся, мило та мийні засоби зі спеціальними властивостями, косметичні лікарські засоби чи дієтичні добавки для покращення стану здоров’я.
	",http://data.europa.eu/esco/occupation/0d93706d-32fd-4de3-aa08-be1003e325da,хімік/хімікиня
Occupation,http://data.europa.eu/esco/occupation/11d72bd6-779a-4643-9962-313833740094,еколог-дослідник/екологиня-дослідниця,released,,"Екологи-дослідники виявляють проблеми та знаходять рішення, щоб мінімізувати небезпеку для навколишнього середовища, аналізуючи зразки повітря, води чи ґрунту. Вони надають консультації або розробляють політику щодо охорони навколишнього середовища та мають на меті покращити умови збереження водопостачання та управління місцями утилізації відходів. Екологи-дослідники проводять оцінку екологічних ризиків і аналізують вплив на навколишнє середовище нових рішень, будівельних майданчиків або змін у навколишньому середовищі, забезпечуючи дотримання екологічних норм.
	",http://data.europa.eu/esco/isco/C2133,Професіонали з охорони навколишнього середовища
Occupation,http://data.europa.eu/esco/occupation/11df8941-508c-4103-ad40-52cdf9430a59,соціолог/соціологиня,released,,"Соціологи зосереджують свої дослідження на поясненні соціальної поведінки та того, як люди організували себе як суспільство. Вони досліджують і пояснюють, як розвивалися суспільства, описуючи їхні правові, політичні та економічні системи та їхнє культурне самовираження.
	",http://data.europa.eu/esco/isco/C2632,"Соціологи, антропологи й пов’язані з ними професіонали"
Occupation,http://data.europa.eu/esco/occupation/1738173e-ef9c-4222-88c8-b6aa9bad3cf7,біофізик/біофізикиня,released,,"Біофізики вивчають існуючий зв’язок між живими організмами та фізикою. Вони проводять дослідження живих організмів на основі методів фізики, які мають на меті пояснити багатоманітність життя, передбачити закономірності та зробити висновки щодо аспектів життя. Сфера досліджень біофізиків охоплює дослідження ДНК, білків, молекул, клітин та навколишнього середовища.
	",http://data.europa.eu/esco/occupation/eee68e13-8248-43bb-a9fb-959832a6c217,біолог/біологиня
Occupation,http://data.europa.eu/esco/occupation/19db5ad1-ffbf-41a0-8746-d3878f0d5dbd,медіазнавець/медіазнавиця,released,,"Медіазнавці досліджують роль ЗМІ в суспільстві та його вплив на нього. Вони спостерігають і документують використання різних ЗМІ, зокрема газети, радіо та телебачення, а також реакцію суспільства.
	",http://data.europa.eu/esco/occupation/acf69cab-8629-45c8-ae10-c8fb15f474b6,антрополог/антропологиня
Occupation,http://data.europa.eu/esco/occupation/1bbaf82c-67ae-4beb-9a55-7298acf5b2af,викладач сестринської справи закладу вищої освіти/викладачка сестринської справи закладу вищої освіти,released,,"Викладачі сестринської справи – це професори, викладачі або лектори, які спеціалізуються на певних предметах і навчають студентів, що отримали диплом про повну середню освіту, у своїй власній спеціалізованій галузі навчання, сестринській справі, яка носить переважно академічний характер. Спільно з науковими співробітниками та асистентами викладачів університетів вони готують лекції та іспити, оцінюють роботи й іспити, проводять лабораторні практичні заняття, а також займаються атестацією і розбиранням робіт студентів. Вони також проводять академічні дослідження у відповідній галузі сестринської справи, публікують свої висновки та взаємодіють із колегами з інших університетів.
	",http://data.europa.eu/esco/occupation/684fd8d5-9b40-4b02-a680-438f0082d923,викладач закладу вищої освіти/викладачка закладу вищої освіти
Occupation,http://data.europa.eu/esco/occupation/1c862e14-80f8-4aa8-8f1c-fd2ca95b63ad,метеоролог/метеорологиня,released,,"Метеорологи вивчають кліматичні процеси, вимірюють і прогнозують погодні умови та надають консультаційні послуги різноманітним користувачам інформації про погоду. Вони розробляють моделі для прогнозування погоди, інструменти для збору метеорологічних даних і складання статистики та баз даних.
	",http://data.europa.eu/esco/isco/C2112,Метеорологи
Occupation,http://data.europa.eu/esco/occupation/2026adb2-62d7-4b92-9ccb-105abdebe37d,інженер-проєктувальник електромагнітних пристроїв/інженерка-проєктувальниця електромагнітних пристроїв,released,,"Інженери-проєктувальники електромагнітних пристроїв проєктують і розробляють електромагнітні системи, пристрої та компоненти, зокрема електромагніти в гучномовцях, електромагнітні замки, провідні магніти в системах МРТ і магніти в електродвигунах.
	",http://data.europa.eu/esco/occupation/86ca306c-ab99-420a-9e2a-aa73c5c4de22,інженер-електрик/інженерка-електрикиня
Occupation,http://data.europa.eu/esco/occupation/203ea2ee-bbee-4aaf-83d7-2f2225f916e3,археолог/археологиня,released,,"Археологи досліджують і вивчають минулі цивілізації та поселення, збираючи та перевіряючи матеріальні залишки. Вони аналізують і роблять висновки з широкого спектру питань, таких як системи ієрархії, лінгвістика, культура та політика на основі вивчення об’єктів, структур, скам’янілостей, реліквій та артефактів, залишених народами. Археологи використовують різні міждисциплінарні методи, як-от стратиграфія, типологія, 3D-аналіз, математика та моделювання.
	",http://data.europa.eu/esco/isco/C2632,"Соціологи, антропологи й пов’язані з ними професіонали"
Occupation,http://data.europa.eu/esco/occupation/25829508-63f3-41c3-affc-ddbb5c077930,фізіолог/фізіологиня,released,,"Фізіологи вивчають і проводять дослідження щодо функціонування різних живих організмів, частин, з яких вони складаються, та їхньої взаємодії. Вони розуміють, як живі системи реагують на такі фактори, як хвороби, фізична активність і стрес, і використовують цю інформацію для розробки методів і рішень, щоб вирівняти вплив цих подразників на живі тіла.
	",http://data.europa.eu/esco/occupation/eee68e13-8248-43bb-a9fb-959832a6c217,біолог/біологиня
Occupation,http://data.europa.eu/esco/occupation/258e46f9-0075-4a2e-adae-1ff0477e0f30,дослідник з обробки й аналізу даних/дослідниця з обробки й аналізу даних,released,,"Дослідники з обробки й аналізу даних знаходять і інтерпретують масштабні джерела даних, керують великими обсягами даних, об’єднують джерела даних, забезпечують узгодженість наборів даних і створюють візуалізації, які допоможуть зрозуміти ці дані. Вони будують математичні моделі, використовуючи дані, представляють і передають інформацію про дані та висновки фахівцям і вченим у своїй команді та в разі потреби не експертній аудиторії, і рекомендують способи застосування цих даних.
	",http://data.europa.eu/esco/isco/C2511,Системні аналітики
Occupation,http://data.europa.eu/esco/occupation/30058b71-fe16-45ea-a2b8-d5461c706372,викладач управління бізнесом закладу вищої освіти/викладачка управління бізнесом закладу вищої освіти,released,,"Викладачі управління бізнесом закладу вищої освіти — це професори, вчителі або викладачі предметів, які навчають учнів, які отримали диплом про повну середню освіту у своїй спеціальній галузі навчання — бізнесі, яка має переважно академічний характер. Вони працюють зі своїми університетськими науковими помічниками та університетськими помічниками викладачів \nдля підготовки лекцій та іспитів, для оцінювання робіт та іспитів, а також для проведення оглядів та відгуків щодо учнів. Вони також проводять наукові дослідження у своїй галузі управління бізнесом, публікують свої висновки та підтримують зв’язок з іншими колегами з університету.
	",http://data.europa.eu/esco/occupation/684fd8d5-9b40-4b02-a680-438f0082d923,викладач закладу вищої освіти/викладачка закладу вищої освіти
Occupation,http://data.europa.eu/esco/occupation/306e9867-cf55-446f-88c6-8adad5369f8c,викладач природничих наук закладу вищої освіти/викладачка природничих наук закладу вищої освіти,released,,"Викладачі природничих наук закладу вищої освіти – це професори, викладачі або лектори, які спеціалізуються на певних предметах і навчають студентів, що отримали диплом про повну середню освіту, у своїй власній спеціалізованій галузі навчання, природничих науках, яка носить переважно академічний характер. Спільно з науковими співробітниками та асистентами викладачів університетів вони готують лекції та іспити, оцінюють роботи й іспити, а також займаються атестацією і розбиранням робіт учнів. Вони також проводять академічні дослідження у відповідній галузі природничих наук, публікують свої висновки та взаємодіють із колегами з інших університетів.
	",http://data.europa.eu/esco/occupation/684fd8d5-9b40-4b02-a680-438f0082d923,викладач закладу вищої освіти/викладачка закладу вищої освіти
Occupation,http://data.europa.eu/esco/occupation/35d41f4f-334b-452e-9e31-99f376302493,інженер з оптоелектроніки/інженерка з оптоелектроніки,released,,"Інженери з оптоелектроніки проєктують і розробляють оптоелектронні системи та пристрої, як-от ультрафіолетові датчики, фотодіоди та світлодіоди. Оптоелектронна інженерія поєднує оптичну інженерію з електронною інженерією під час проєктування цих систем і пристроїв. Вони проводять дослідження, виконують аналізи, тестують пристрої та контролюють дослідження.
	",http://data.europa.eu/esco/occupation/4d34a9ee-2653-4da0-bef7-f59294577224,інженер-електронік/інженерка-електронік
Occupation,http://data.europa.eu/esco/occupation/3af4d6be-90b5-41f6-be06-3330dab3df73,дослідник в галузі соціальної роботи/дослідниця в галузі соціальної роботи,released,,"Дослідники в галузі соціальної роботи керують дослідницькими проєктами, спрямованими на дослідження та надання звітів із соціальних питань. Спочатку вони проводять дослідження, збираючи інформацію за допомогою інтерв’ю, фокус-груп і анкет; а потім організовують і аналізують зібрану інформацію за допомогою пакетів комп’ютерних програм. Вони аналізують соціальні проблеми та потреби, а також різні способи та методи реагування на них.
	",http://data.europa.eu/esco/occupation/11df8941-508c-4103-ad40-52cdf9430a59,соціолог/соціологиня
Occupation,http://data.europa.eu/esco/occupation/3c305542-a51b-4b96-8d45-af11ca05eaa2,викладач ветеринарної медицини закладу вищої освіти/викладачка ветеринарної медицини закладу вищої освіти,released,,"Викладачі ветеринарної медицини закладу вищої освіти — це професори, вчителі або викладачі, і часто лікарі, які навчають студентів, котрі отримали диплом про повну середню освіту, у своїй спеціальній галузі досліджень — ветеринарній медицині, яка має переважно академічний характер. Вони працюють зі своїми університетськими науковими помічниками та університетськими помічниками викладачів для підготовки лекцій та іспитів, для проведення лабораторних практик і для оцінювання робіт та іспитів, а також для проведення оглядових зустрічей та обміну думками зі студентами. Вони також проводять наукові дослідження у своїй відповідній галузі ветеринарної медицини, публікують їхні результати та підтримують зв’язок з іншими з університетськими колегами.
	",http://data.europa.eu/esco/occupation/684fd8d5-9b40-4b02-a680-438f0082d923,викладач закладу вищої освіти/викладачка закладу вищої освіти
Occupation,http://data.europa.eu/esco/occupation/3d7a1284-824c-47d9-8387-b8e1cd5888b5,викладач стоматології закладу вищої освіти/викладачка стоматології закладу вищої освіти,released,,"Викладачі стоматології закладу вищої освіти — це професори, вчителі або викладачі , і часто лікарі, які навчають студентів, котрі отримали диплом про повну середню освіту, у своїй спеціальній галузі досліджень — стоматології, яка має переважно академічний характер. Вони працюють зі своїми університетськими науковими помічниками та університетськими помічниками викладачів для підготовки лекцій та іспитів, для проведення лабораторних практик і для оцінювання робіт та іспитів, а також для проведення оглядових зустрічей та обміну думками зі студентами. Вони також проводять наукові дослідження у своїй відповідній галузі стоматології, публікують їхні результати та підтримують зв’язок з іншими з університетськими колегами.
	",http://data.europa.eu/esco/occupation/684fd8d5-9b40-4b02-a680-438f0082d923,викладач закладу вищої освіти/викладачка закладу вищої освіти
Occupation,http://data.europa.eu/esco/occupation/3dbd758c-6dc0-41fe-8248-2250c9bfa4ab,кліматолог/кліматологиня,released,,"Кліматологи вивчають середню зміну погоди та клімату у довгостроковій перспективі. Вони досліджують і аналізують історичні погодні умови, щоб спрогнозувати тенденції кліматичних умов, як-от зміни температури, глобальне потепління або регіональні еволюційні погодні умови. Вони використовують ці висновки для консультацій щодо екологічної політики, будівництва, сільськогосподарських проєктів і соціальних питань.
	",http://data.europa.eu/esco/occupation/1c862e14-80f8-4aa8-8f1c-fd2ca95b63ad,метеоролог/метеорологиня
Occupation,http://data.europa.eu/esco/occupation/3f7b7ce5-94b6-4e0c-98e7-a4ee5a6accf4,токсиколог/токсикологиня,released,,"Токсикологи вивчають вплив хімічних речовин або біологічних і фізичних агентів на живі організми, тобто на навколишнє середовище, на здоров’я тварин і людей. Вони визначають дози взаємодії з речовинами, яких було б достатньо для виникнення токсичних ефектів у навколишньому середовищі, у людей і живих організмів, а також проводять досліди на тваринах і культурах клітин.
	",http://data.europa.eu/esco/occupation/eee68e13-8248-43bb-a9fb-959832a6c217,біолог/біологиня
Occupation,http://data.europa.eu/esco/occupation/441a5b76-2f51-4704-9df7-3b8e715dd3ad,біхевіорист-дослідник/біхевіористка-дослідниця,released,,"Біхевіористи досліджують, спостерігають і описують поведінку людини в суспільстві. Вони роблять висновки про мотиви, які спонукають людей до вчинків, спостерігають за різноманітними обставинами певної поведінки та описують різні особистості. Вони надають консультації організаціям і державним установам, які працюють у цій галузі. Вони також можуть займатися аналізом поведінки тварин.
	",http://data.europa.eu/esco/isco/C2632,"Соціологи, антропологи й пов’язані з ними професіонали"
Occupation,http://data.europa.eu/esco/occupation/479ede81-bd51-4f3b-9d30-4910699fd211,викладач журналістики закладу вищої освіти/викладачка журналістики закладу вищої освіти,released,,"Викладачі журналістики закладу вищої освіти — це професори, вчителі або викладачі предметів, які навчають учнів, які отримали диплом про повну середню освіту у своїй спеціальній галузі навчання — журналістики, яка має переважно академічний характер. Вони працюють зі своїми університетськими науковими помічниками та університетськими помічниками викладачів для підготовки лекцій та іспитів, для оцінювання робіт та іспитів, а також для проведення оглядів та відгуків щодо учнів. Вони також проводять наукові дослідження у своїй відповідній галузі журналістики, публікують свої висновки та підтримують зв’язок з іншими колегами з університету.
	",http://data.europa.eu/esco/occupation/684fd8d5-9b40-4b02-a680-438f0082d923,викладач закладу вищої освіти/викладачка закладу вищої освіти
Occupation,http://data.europa.eu/esco/occupation/49023c69-302f-4671-b26f-7229d1a53915,викладач із систем комунікацій закладу вищої освіти/викладачка із систем комунікацій закладу вищої освіти,released,,"Викладачі із систем комунікацій закладу вищої освіти — це професори, вчителі або викладачі предметів, які навчають учнів, які отримали диплом про повну середню освіту у своїй спеціальній галузі навчання — системі комунікацій, яка має переважно академічний характер. Вони працюють зі своїми університетськими науковими помічниками та університетськими помічниками викладачів для підготовки лекцій та іспитів, для оцінювання робіт та іспитів, а також для проведення оглядів та відгуків щодо учнів. Вони також проводять наукові дослідження у своїй галузі системи комунікацій, публікують свої висновки та підтримують зв’язок з іншими колегами з університету.
	",http://data.europa.eu/esco/occupation/684fd8d5-9b40-4b02-a680-438f0082d923,викладач закладу вищої освіти/викладачка закладу вищої освіти
Occupation,http://data.europa.eu/esco/occupation/4b759f0e-8fec-4cf5-80d4-d112a9fd4e51,океанограф/океанографиня,released,,"Океанографи вивчають і проводять дослідження питань, пов’язаних з морем і океанами. Океанографи розподіляють свій досвід у різних галузях досліджень: фізичні океанографи, чиї дослідження зосереджені на хвилях і припливах, хімічні океанографи, чиї дослідження вивчають хімічний склад морських вод, і геологічні океанографи, чиї дослідження стосуються дна морів.
	",http://data.europa.eu/esco/occupation/c6196b21-20f9-4608-83fb-6f143afc740d,геолог/геологиня
Occupation,http://data.europa.eu/esco/occupation/4e8a5d3e-66de-4661-9927-ef3123cc79e9,викладач архітектури закладу вищої освіти/викладачка архітектури закладу вищої освіти,released,,"Викладачі архітектури закладу вищої освіти – це професори, викладачі або лектори, які спеціалізуються на певних предметах і навчають студентів, що отримали диплом про повну середню освіту, у своїй власній спеціалізованій галузі навчання, архітектурі, яка носить переважно академічний характер. Спільно з науковими співробітниками та асистентами викладачів університетів вони готують лекції та іспити, оцінюють роботи й іспити, а також займаються атестацією і розбиранням робіт студентів. Вони також проводять академічні дослідження у відповідній галузі архітектури, публікують свої висновки та взаємодіють із колегами з інших університетів.
	",http://data.europa.eu/esco/occupation/684fd8d5-9b40-4b02-a680-438f0082d923,викладач закладу вищої освіти/викладачка закладу вищої освіти
Occupation,http://data.europa.eu/esco/occupation/4f4d33a1-0b41-4dd9-8a42-aeba5a3974ab,інженер-проєктувальник датчиків/інженерка-проєктувальниця датчиків,released,,"Інженери-проєктувальники датчиків проєктують і розробляють датчики, сенсорні системи та продукти, які оснащені датчиками. Вони планують і контролюють виробництво цих продуктів.
	",http://data.europa.eu/esco/occupation/4d34a9ee-2653-4da0-bef7-f59294577224,інженер-електронік/інженерка-електронік
Occupation,http://data.europa.eu/esco/occupation/4f89b0d2-b666-4890-af01-25d1d60da1f3,політолог/політологиня,released,,"Політологи вивчають політичну поведінку, діяльність і системи, включно з елементами, які підпадають під них. Їхнє вивчення галузі варіюється від походження та еволюції різних політичних систем до актуальних питань, як-от процеси прийняття рішень, політична поведінка, політичні тенденції, суспільство та перспективи влади. Вони консультують уряди та інституційні організації з питань управління.
	",http://data.europa.eu/esco/isco/C2633,"Філософи, історики й політологи"
Occupation,http://data.europa.eu/esco/occupation/52ded7d7-11df-42e3-b90a-d7f4b70fb4b9,психолог/психологиня,released,,"Психологи вивчають поведінку і психічні процеси людини. Вони надають послуги клієнтам, які мають проблеми з психічним здоров’ям і життєві проблеми, як-от втрата близької людини, труднощі у стосунках, домашнє та сексуальне насильство. Вони також надають консультації з питань психічного здоров’я, зокрема розладів харчування, посттравматичних стресових розладів і психозів, щоб допомогти клієнтам реабілітуватися та досягти здорової поведінки.
	",http://data.europa.eu/esco/isco/C2634,Психологи
Occupation,http://data.europa.eu/esco/occupation/55167849-82cf-484e-b818-fa702a4e69e9,гідролог/гідрологиня,released,,"Гідрологи досліджують і вивчають якість, поточні проблеми та розподіл води на Землі. Вони вивчають способи постачання води з річок, струмків і джерел, щоб розробити способи їхнього належного та сталого використання. Разом із групою спеціалістів різного профілю вони планують і розробляють способи водопостачання міст і міських районів, забезпечуючи при цьому ефективність і збереження ресурсів.
	",http://data.europa.eu/esco/occupation/c6196b21-20f9-4608-83fb-6f143afc740d,геолог/геологиня
Occupation,http://data.europa.eu/esco/occupation/557f9ccc-4e46-4bb2-8d20-272cd978b152,науковий співробітник (ветеринарна медицина)/наукова співробітниця (ветеринарна медицина),released,,"Наукові співробітники (ветеринарна медицина) розробляють та проводять дослідження на моделях тварин, порівнюють базову біологію різних тварин і застосовують результати досліджень до різних видів, включно з людьми.
	",http://data.europa.eu/esco/isco/C2250,Ветеринари
Occupation,http://data.europa.eu/esco/occupation/55a785db-0636-41b8-950f-0b65abe5e81b,викладач фармацевтики закладу вищої освіти/викладачка фармацевтики закладу вищої освіти,released,,"Викладачі фармацевтики закладу вищої освіти — це професори, вчителі або викладачі предметів, які навчають учнів, які отримали диплом про повну середню освіту у своїй спеціальній галузі навчання — фармацевтиці, яка має переважно академічний характер. Вони працюють зі своїми університетськими науковими помічниками та університетськими помічниками викладачів для підготовки лекцій та іспитів, для проведення лабораторних практик, оцінювання робіт та іспитів, а також для проведення оглядів та відгуків щодо учнів. Вони також проводять наукові дослідження у своїй галузі фармацевтики, публікують свої висновки та підтримують зв’язок з іншими колегами з університету.
	",http://data.europa.eu/esco/occupation/684fd8d5-9b40-4b02-a680-438f0082d923,викладач закладу вищої освіти/викладачка закладу вищої освіти
Occupation,http://data.europa.eu/esco/occupation/574f3232-1d07-4034-8cac-c57ddbfff192,хімік-аналітик/хімік-аналітикиня,released,,"Хіміки-аналітики досліджують і описують хімічний склад речовин. Крім того, вони роблять висновки щодо поведінки таких речовин у різних умовах. Хіміки-аналітики відіграють важливу роль у дослідженні зв’язку між хімією та навколишнім середовищем, їжею, паливом і медициною. Вони використовують низку методів, таких як електрохроматографія, газова та високоефективна рідинна хроматографія та спектроскопія.
	",http://data.europa.eu/esco/occupation/0d93706d-32fd-4de3-aa08-be1003e325da,хімік/хімікиня
Occupation,http://data.europa.eu/esco/occupation/57a12047-4f1e-40ed-add5-9736923f231b,астроном/астрономка,released,,"Астрономи досліджують формування, структуру, властивості та розвиток небесних тіл і міжзоряної матерії. Вони використовують наземне та космічне обладнання для збору даних про космос для проведення дослідницьких робіт.
	",http://data.europa.eu/esco/isco/C2111,Фізики й астрономи
Occupation,http://data.europa.eu/esco/occupation/59a02420-91df-4e46-b37b-22e3fd8c11f0,викладач фізики закладу вищої освіти/викладачка фізики закладу вищої освіти,released,,"Викладачі фізики закладу вищої освіти — це професори, вчителі або викладачі, які навчають студентів, котрі отримали диплом про повну середню освіту, у своїй спеціальній галузі досліджень — фізиці, яка має переважно академічний характер. Вони працюють зі своїми університетськими науковими помічниками та університетськими помічниками викладачів \nдля підготовки лекцій та іспитів, для проведення лабораторних практик, оцінювання робіт та іспитів, а також для проведення оглядових зустрічей та обміну думками зі студентами. Вони також проводять наукові дослідження у своїй галузі фізики, публікують їхні результати та підтримують зв’язок з іншими університетськими колегами.
	",http://data.europa.eu/esco/occupation/684fd8d5-9b40-4b02-a680-438f0082d923,викладач закладу вищої освіти/викладачка закладу вищої освіти
Occupation,http://data.europa.eu/esco/occupation/5a282a39-5346-454a-b1ef-c1217c50e156,дослідник у галузі освіти/дослідниця у галузі освіти,released,,"Дослідники у галузі освіти виконують дослідження в галузі освіти. Вони прагнуть розширити знання про те, як працюють освітні процеси, освітні системи та їхній вплив на осіб (вчителів та учнів). Вони передбачають напрямки вдосконалення та розробляють плани впровадження інновацій. Вони консультують законодавців і політиків з питань освіти та допомагають у плануванні освітньої політики.
	",http://data.europa.eu/esco/isco/C2351,Професіонали з методів навчання
Occupation,http://data.europa.eu/esco/occupation/5ac65daa-0896-4193-9f0e-8b00746b78a1,молодший науковий співробітник університету/молодша науковий співробітниця університету,released,,"Молодші наукові співробітники університету проводять наукові дослідження для університету чи інституту, в якому працюють. Вони можуть допомагати професорам, з якими співпрацюють, своїм науковим керівникам у їхніх дослідженнях або розвивати власні дослідження у відповідній галузі згаданого професора.
	",http://data.europa.eu/esco/occupation/684fd8d5-9b40-4b02-a680-438f0082d923,викладач закладу вищої освіти/викладачка закладу вищої освіти
Occupation,http://data.europa.eu/esco/occupation/5fdfa822-c1ba-477e-87cc-3d742e59310d,викладач біології закладу вищої освіти/викладачка біології закладу вищої освіти,released,,"Викладачі біології закладу вищої освіти — це професори, вчителі або викладачі, які навчають студентів, котрі отримали диплом про повну середню освіту, у своїй спеціальній галузі досліджень — біології. Вони працюють зі своїми університетськими науковими помічниками та університетськими помічниками викладачів для підготовки лекцій та іспитів, для проведення лабораторних практик, оцінювання робіт та іспитів, а також для проведення оглядових зустрічей та обміну думками зі студентами. Вони також проводять наукові дослідження у своїй галузі біології, публікують їхні результати та підтримують зв’язок з іншими з університетськими колегами.
	",http://data.europa.eu/esco/occupation/684fd8d5-9b40-4b02-a680-438f0082d923,викладач закладу вищої освіти/викладачка закладу вищої освіти
Occupation,http://data.europa.eu/esco/occupation/605e58d6-ad27-4828-b1f5-16707f327fa0,викладач педагогіки закладу вищої освіти/викладачка педагогіки закладу вищої освіти,released,,"Викладачі педагогіки закладу вищої освіти – це професори, викладачі або лектори, які навчають студентів, що отримали диплом про повну середню освіту, у своїй власній спеціалізованій галузі навчання, педагогіці, щоб вони самі могли стати вчителями. Спільно з науковими співробітниками та асистентами викладачів університетів вони готують лекції та іспити, оцінюють роботи й іспити, а також займаються атестацією і розбиранням робіт студентів.
	",http://data.europa.eu/esco/occupation/684fd8d5-9b40-4b02-a680-438f0082d923,викладач закладу вищої освіти/викладачка закладу вищої освіти
Occupation,http://data.europa.eu/esco/occupation/6140be85-2d45-44b2-b0ba-412aadcead1e,генетик/генетикиня,released,,"Генетики вивчають і зосереджують свої дослідження на генетиці. Вони аналізують, як гени взаємодіють, діють і успадковують риси та ознаки. На основі своїх досліджень вони обслуговують пацієнтів зі спадковими хворобами та патологіями, вродженими вадами розвитку та генетичними проблемами в цілому.
	",http://data.europa.eu/esco/occupation/eee68e13-8248-43bb-a9fb-959832a6c217,біолог/біологиня
Occupation,http://data.europa.eu/esco/occupation/66527cdc-b7a5-4996-9448-7e327b68d08d,викладач мистецтвознавства закладу вищої освіти/викладачка мистецтвознавства закладу вищої освіти,released,,"Викладачі мистецтвознавства закладу вищої освіти — це професори, вчителі або викладачі предметів, які навчають учнів, які отримали диплом про повну середню освіту у своїй спеціальній галузі навчання — мистецтвознавстві, яка має переважно академічний характер. Вони працюють зі своїми університетськими науковими помічниками та університетськими помічниками викладачів для підготовки лекцій та іспитів, для оцінювання робіт та іспитів, а також для проведення  оглядових зустрічей та обміну думками зі студентами. Вони також проводять наукові дослідження у своїй галузі мистецтвознавства, публікують їхні результати та підтримують зв’язок з іншими колегами з університету.
	",http://data.europa.eu/esco/occupation/684fd8d5-9b40-4b02-a680-438f0082d923,викладач закладу вищої освіти/викладачка закладу вищої освіти
Occupation,http://data.europa.eu/esco/occupation/684fd8d5-9b40-4b02-a680-438f0082d923,викладач закладу вищої освіти/викладачка закладу вищої освіти,released,,"Викладачі закладів вищої освіти – це професори, викладачі або лектори, які спеціалізуються на певних предметах і навчають студентів, що отримали диплом про повну середню освіту, у своїй власній спеціалізованій галузі досліджень, яка носить переважно академічний характер. Вони можуть обіймати такі посади, як-от старший викладач або професор. Спільно з науковими співробітниками та асистентами викладачів університетів вони готують лекції та іспити, оцінюють роботи й іспити, проводять лабораторні роботи, а також займаються атестацією і розбиранням робіт студентів. Вони також проводять академічні дослідження у відповідній галузі, публікують свої висновки та взаємодіють із колегами з інших університетів.
	",http://data.europa.eu/esco/isco/C2310,Викладачі університетів і вищих навчальних закладів
Occupation,http://data.europa.eu/esco/occupation/68d973df-bf10-4bf7-9a1b-fbd9f604b9db,дослідник-біоінформатик/дослідниця-біоінформатикиня,released,,"Дослідники-біоінформатики аналізують біологічні процеси за допомогою комп’ютерних програм. Вони ведуть або створюють бази даних, що містять інформацію про біологічні процеси. Дослідники-біоінформатики збирають і аналізують біологічні дані, а також можуть допомагати вченим у різних галузях, зокрема в біотехнології та фармацевтиці. Вони проводять наукові дослідження та статистичні аналізи, а також надають звіти про отримані висновки. Дослідники-біоінформатики також можуть збирати зразки ДНК, займатися виявленням зразків даних і проводити генетичні дослідження.
	",http://data.europa.eu/esco/isco/C2131,"Біологи, ботаніки, зоологи й пов’язані з ними професіонали"
Occupation,http://data.europa.eu/esco/occupation/68f4fdd9-182c-4c0d-a73d-f767b8a8355e,біолог аквакультури/біологиня аквакультури,released,,"Біологи аквакультури застосовують знання, отримані в результаті досліджень водних тварин і рослин, а також їх взаємодії один з одним і навколишнім середовищем, щоб покращити розведення аквакультури, запобігти проблемам зі здоров’ям тварин і проблемам навколишнього середовища та при потребі знайти рішення. \n
	",http://data.europa.eu/esco/occupation/eee68e13-8248-43bb-a9fb-959832a6c217,біолог/біологиня
Occupation,http://data.europa.eu/esco/occupation/6cd08cbe-7611-4d70-8886-6c59c0385442,дослідник комунікації/дослідниця комунікації,released,,"Дослідники комунікації досліджують різні аспекти планування, збору, створення, організації, збереження, використання, оцінки інформації та обміну нею через вербальне чи невербальне спілкування. Вони вивчають взаємодію між групами, окремими особами та технологічними одиницями (роботами).
	",http://data.europa.eu/esco/occupation/acf69cab-8629-45c8-ae10-c8fb15f474b6,антрополог/антропологиня
Occupation,http://data.europa.eu/esco/occupation/6d421d34-baa1-44f9-9ea0-231d76e325fd,релігієзнавець/релігієзнавиця,released,,"Релігієзнавці вивчають концепції, пов’язані з релігіями, віруваннями та духовністю. Вони застосовують раціональність з метою досягнути моралі та етики, вивчаючи священне писання, релігію, дисципліну та божественний закон.
	",http://data.europa.eu/esco/isco/C2636,Професіонали в сфері релігії
Occupation,http://data.europa.eu/esco/occupation/6df6c5cb-c1a2-42c8-acd0-1ee5563c36c1,біохімік/біохімікиня,released,,"Біохіміки вивчають і проводять дослідження реакцій, викликаних хімічними речовинами в живих організмах. Це включає проведення досліджень для розробки або вдосконалення продуктів на хімічній основі (наприклад, ліків), спрямованих на покращення здоров’я живих організмів і краще розуміння їхніх реакцій.
	",http://data.europa.eu/esco/occupation/eee68e13-8248-43bb-a9fb-959832a6c217,біолог/біологиня
Occupation,http://data.europa.eu/esco/occupation/6e92d4b5-3167-4166-802f-da7753951a31,консультант із досліджень ІКТ/консультантка із досліджень ІКТ,released,,"Консультанти із досліджень ІКТ проводять цільове дослідження ІКТ і надають клієнту остаточний звіт. Вони також використовують засоби ІКТ для розробки анкет для опитувань, аналізу результатів, написання звітів, представлення результатів і надання рекомендацій на основі результатів дослідження.
	",http://data.europa.eu/esco/isco/C2511,Системні аналітики
Occupation,http://data.europa.eu/esco/occupation/71f09c8b-a172-408c-b9e7-32e580e39ff6,лікар загальної практики/лікарка загальної практики,released,,"Лікарі загальної практики пропагують здоровий спосіб життя, виявляють, діагностують і лікують хвороби та запобігають їм, сприяють одужанню після фізичних і психічних хвороб і розладів здоров’я всіх видів для всіх осіб, незалежно від їхнього віку, статі чи типу проблеми зі здоров’ям.
	",http://data.europa.eu/esco/isco/C2211,Лікарі загальної практики
Occupation,http://data.europa.eu/esco/occupation/72628f3a-fd49-499a-9741-870b0a1fcef2,математик/математикиня,released,,"Математики вивчають і поглиблюють існуючі математичні теорії, щоб розширити знання та знайти нові парадигми в галузі. Вони можуть застосувати ці знання для вирішення проблем, які виникають у інженерних і наукових проєктах, щоб переконатися, що вимірювання, кількості та математичні закони доводять свою життєздатність.
	",http://data.europa.eu/esco/isco/C2120,"Математики, актуарії та статистики"
Occupation,http://data.europa.eu/esco/occupation/73ceb2f9-18e3-4cfe-9c06-e9fb31ece440,менеджер із досліджень і розробок/менеджерка із досліджень і розробок,released,,"Менеджери із досліджень і розробок координують діяльність вчених, академічних дослідників, розробників продуктів і дослідників ринку щодо створення нових продуктів, удосконалення існуючої або іншої дослідницької діяльності, зокрема наукових досліджень. Вони планують науково-дослідну діяльність організації та керують нею, визначають цілі та бюджетні вимоги та керують персоналом.
	",http://data.europa.eu/esco/isco/C1223,Менеджери з досліджень і розробок
Occupation,http://data.europa.eu/esco/occupation/778c1d37-69f2-4184-ac98-03b7dbfba332,інженер із фотоніки/інженерка із фотоніки,released,,"Інженери із фотоніки займаються генеруванням, передачею, перетворенням і виявленням світла. Вони проводять дослідження, проєктують, збирають, випробовують і використовують фотонні компоненти або системи в багатьох сферах застосування: від оптичних комунікацій до медичного приладобудування, обробки матеріалів або сенсорних технологій.
	",http://data.europa.eu/esco/occupation/ab3c4d3e-3189-47ad-82af-57cdae3cb589,інженер з виробництва оптичних і оптико-електронних приладів/інженерка з виробництва оптичних і оптико-електронних приладів
Occupation,http://data.europa.eu/esco/occupation/77abfaec-a250-4765-95fa-6091e8da1bba,інженер-електромеханік/інженерка-електромеханік,released,,"Інженери-електромеханіки проєктують і розробляють обладнання та машини, які використовують як електричні, так і механічні технології. Вони проєктують та готують документи з детальним описом заявок на матеріали, процес складання та інші технічні характеристики. Інженери-електромеханіки також випробовують і оцінюють дослідні зразки. Вони наглядають за виробничим процесом.
	",http://data.europa.eu/esco/occupation/86ca306c-ab99-420a-9e2a-aa73c5c4de22,інженер-електрик/інженерка-електрикиня
Occupation,http://data.europa.eu/esco/occupation/7c132147-428b-4ea3-87e1-70f7abb691ce,фармацевт/фармацевтка,released,,"Фармацевти готують та відпускають лікарські засоби, що відпускаються за рецептом і без рецепта, і надають рекомендації. Вони пропонують клінічну інформацію про лікарські засоби, повідомляють про можливі побічні наслідки та надають індивідуальну підтримку пацієнтам. Фармацевти розробляють і випробовують лікарські засоби в лабораторіях, зберігають і розповсюджують їх.
	",http://data.europa.eu/esco/isco/C2262,Провізор
Occupation,http://data.europa.eu/esco/occupation/7dea476a-dffe-4919-9ee2-fb222e283f41,викладач психології закладу вищої освіти/викладачка психології закладу вищої освіти,released,,"Викладачі психології закладу вищої освіти — це професори, вчителі або викладачі, які навчають студентів, котрі отримали диплом про повну середню освіту, у своїй спеціальній галузі досліджень — психології, яка має переважно академічний характер. Вони працюють зі своїми університетськими науковими помічниками та університетськими помічниками викладачів для підготовки лекцій та іспитів, для оцінювання робіт та іспитів, а також для проведення оглядових зустрічей та обміну думками зі студентами. Вони також проводять наукові дослідження у своїй відповідній галузі психології, публікують їхні результати та підтримують зв’язок з іншими університетськими колегами.
	",http://data.europa.eu/esco/occupation/684fd8d5-9b40-4b02-a680-438f0082d923,викладач закладу вищої освіти/викладачка закладу вищої освіти
Occupation,http://data.europa.eu/esco/occupation/7f0fe7d3-54c6-41e9-88ba-9d4f0f1a46b4,інженер мікросистем/інженерка мікросистем,released,,"Інженери мікросистем досліджують, проєктують, розробляють і контролюють виробництво мікроелектромеханічних систем (MEMS), які можна інтегрувати в механічні, оптичні, акустичні та електронні вироби.
	",http://data.europa.eu/esco/occupation/4d34a9ee-2653-4da0-bef7-f59294577224,інженер-електронік/інженерка-електронік
Occupation,http://data.europa.eu/esco/occupation/7f2761eb-4edc-48ad-9fbf-eed0a0db9a21,фізик/фізикиня,released,,"Фізики — це вчені, які вивчають фізичні явища. Вони зосереджують свої дослідження залежно від спеціалізації, яка може бути різною: від фізики атомних частинок до вивчення явищ у Всесвіті. Вони застосовують висновки своїх досліджень для покращення становища суспільства, сприяючи розвитку джерел енергії, лікуванню хвороб, розробці ігор, передового обладнання та предметів повсякденного використання.
	",http://data.europa.eu/esco/isco/C2111,Фізики й астрономи
Occupation,http://data.europa.eu/esco/occupation/82e37849-30ec-4461-a40e-263d4c984f88,палеонтолог/палеонтологиня,released,,"Палеонтологи досліджують і аналізують форми життя, які існували в давні ери планети Земля. Вони прагнуть визначити еволюційний шлях і взаємодію всіх видів організмів і рослин, пилку і спор, безхребетних і хребетних тварин, людей, слідів перебування, як-от відбитки ніг, з різними геологічними областями, а також їхній вплив на екологію та клімат.
	",http://data.europa.eu/esco/occupation/c6196b21-20f9-4608-83fb-6f143afc740d,геолог/геологиня
Occupation,http://data.europa.eu/esco/occupation/86a0c9ab-c3fa-41a3-ad3e-d0083036b3d6,мінералог/мінералогиня,released,,"Мінералоги вивчають склад, структуру та інші фізичні аспекти землі. Вони аналізують склад різноманітних мінералів та використовують наукове обладнання для визначення їхньої структури та властивостей. Їхня робота здебільшого зосереджена на класифікації та ідентифікації корисних копалин шляхом відбору зразків і виконання подальших тестів, аналізів і досліджень.
	",http://data.europa.eu/esco/isco/C2114,Геологи й геофізики
Occupation,http://data.europa.eu/esco/occupation/89b87aa2-4008-4cc7-96f8-e2b5ffe59f28,еколог/екологиня,released,,"Екологи проводять оцінювання стану здоров’я та розмноження організмів, а саме людей, рослин і тварин, а також взаємозв’язку між організмами та середовищем їхнього проживання. Екологи зазвичай мають певну спеціалізацію, зокрема можуть займатися прісноводними, морськими, наземними організмами, фауною й флорою, щодо яких вони проводять дослідження та виконують пов’язані з ними завдання.
	",http://data.europa.eu/esco/isco/C2133,Професіонали з охорони навколишнього середовища
Occupation,http://data.europa.eu/esco/occupation/8b128a08-606f-4bb1-806e-07e0ed98b40e,викладач науки про космічний простір/викладачка науки про космічний простір,released,,"Викладачі науки про космічний простір закладу вищої освіти — це професори, вчителі або викладачі, які навчають студентів, котрі отримали диплом про повну середню освіту, у своїй спеціальній галузі досліджень — науці про космічний простір, яка має переважно академічний характер. Вони працюють зі своїми університетськими науковими помічниками та університетськими помічниками викладачів для підготовки лекцій та іспитів, оцінювання робіт та проведення оглядових зустрічей та обміну думками зі студентами. Вони також проводять наукові дослідження у своїй галузі науки про космічний простір, публікують їхні результати та підтримують зв’язок з іншими університетськими колегами.
	",http://data.europa.eu/esco/occupation/684fd8d5-9b40-4b02-a680-438f0082d923,викладач закладу вищої освіти/викладачка закладу вищої освіти
Occupation,http://data.europa.eu/esco/occupation/8c0f59c9-9a47-42e7-8287-aab19df4e6ab,інженер з мікроелектроніки/інженерка з мікроелектроніки,released,,"Інженери із мікроелектроніки проєктують, розробляють і контролюють виробництво малих електронних пристроїв і компонентів, як-от мікропроцесори та інтегральні схеми.
	",http://data.europa.eu/esco/occupation/4d34a9ee-2653-4da0-bef7-f59294577224,інженер-електронік/інженерка-електронік
Occupation,http://data.europa.eu/esco/occupation/920c22e1-10a1-4afa-86b3-c43da8488391,лектор із соціальної роботи/лекторка із соціальної роботи,released,,"Лектори з соціальної роботи – це професіонали, які виконують подвійні ролі; з одного боку, вони практикують академічну дисципліну, яка надає соціальні послуги, зокрема консультування, терапії або адвокації для окремих осіб або груп людей. З іншого боку, вони є частиною академічного світу, що надає професійну освіту, бере участь у дослідженнях і розробці знань, сприяючи розв’язанню складних соціальних проблем та інноваційним підходам до вирішення цих проблем. Вони навчають знанням, навичкам та цінностям соціальної роботи для підготовки студентів до участі в культурно компетентній практиці соціальної роботи з різними групами населення та громадами.
	",http://data.europa.eu/esco/occupation/684fd8d5-9b40-4b02-a680-438f0082d923,викладач закладу вищої освіти/викладачка закладу вищої освіти
Occupation,http://data.europa.eu/esco/occupation/92bb3d8c-8a9f-4cd7-80ec-247bbf173004,інженер із комп’ютерного апаратного забезпечення/інженерка із комп’ютерного апаратного забезпечення,released,,"Інженери із комп’ютерного апаратного забезпечення проєктують і розробляють системи та компоненти апаратного забезпечення, як-от друковані плати, модеми та принтери. Вони складають креслення, розробляють і випробовують дослідні зразки, а також контролюють виробничий процес.
	",http://data.europa.eu/esco/occupation/4d34a9ee-2653-4da0-bef7-f59294577224,інженер-електронік/інженерка-електронік
Occupation,http://data.europa.eu/esco/occupation/9766cc19-5a64-4b3c-a741-71561285a419,викладач антропології закладу вищої освіти/викладачка антропології закладу вищої освіти,released,,"Викладачі антропології закладу вищої освіти — це професори, вчителі або викладачі предметів, які навчають учнів, які отримали диплом про повну середню освіту у своїй спеціальній галузі навчання — антропології, яка має переважно академічний характер. Вони працюють зі своїми університетськими науковими помічниками та університетськими помічниками викладачів для підготовки лекцій та іспитів, для оцінювання робіт та іспитів, а також для проведення оглядів та відгуків щодо учнів. Вони також проводять наукові дослідження у своїй галузі антропології, публікують свої висновки та підтримують зв’язок з іншими колегами з університету.
	",http://data.europa.eu/esco/occupation/684fd8d5-9b40-4b02-a680-438f0082d923,викладач закладу вищої освіти/викладачка закладу вищої освіти
Occupation,http://data.europa.eu/esco/occupation/9851c83c-5670-4da0-964a-1ef0e682e30b,дослідник у галузі танатології/дослідниця у галузі танатології,released,,"Дослідники у галузі танатології вивчають смерть і її процес в різних галузях науки, як-от психологія, соціологія, фізіологія та антропологія. Вони сприяють зростанню кількості знань про такі аспекти смерті, як психологічні явища, які відчувають істота, що помирає, та її оточення.
	",http://data.europa.eu/esco/isco/C2632,"Соціологи, антропологи й пов’язані з ними професіонали"
Occupation,http://data.europa.eu/esco/occupation/9905cc76-d48b-49b1-94ab-17becb30be1a,викладач броматології закладу вищої освіти/викладачка броматології закладу вищої освіти,released,,"Викладачі броматології закладу вищої освіти — це професори, вчителі або викладачі, які навчають студентів, котрі отримали диплом про повну середню освіту, у своїй спеціальній галузі досліджень — броматології, яка має переважно академічний характер. Вони працюють зі своїми університетськими науковими помічниками та університетськими помічниками викладачів для підготовки лекцій та іспитів, для оцінювання робіт та іспитів, а також для проведення оглядових зустрічей та обміну думками зі студентами. Вони також проводять наукові дослідження у своїй галузі — броматології, публікують їхні результати та підтримують зв’язок з іншими з університетськими колегами.
	",http://data.europa.eu/esco/occupation/684fd8d5-9b40-4b02-a680-438f0082d923,викладач закладу вищої освіти/викладачка закладу вищої освіти
Occupation,http://data.europa.eu/esco/occupation/99492920-e5a5-4dba-9e5a-93193147198c,економіст/економістка,released,,"Економісти проводять дослідження та розробляють теорії в галузі економіки для мікроекономічного чи макроекономічного аналізу. Вони вивчають тенденції, аналізують статистичні дані та певною мірою працюють з економіко-математичними моделями, щоб консультувати компанії, уряди та відповідні установи. Вони консультують щодо можливостей продукту, прогнозів тенденцій, ринків, що розвиваються, податкової політики та споживчих тенденцій.
	",http://data.europa.eu/esco/isco/C2631,Економісти
Occupation,http://data.europa.eu/esco/occupation/9a7e780a-b778-4a5a-b4eb-309d394d313d,викладач літератури університетів і вищих навчальних закладів/викладачка літератури університетів і вищих навчальних закладів,released,,"Викладачі літератури закладу вищої освіти – це професори, викладачі або лектори, які спеціалізуються на певних предметах і навчають студентів, що отримали диплом про повну середню освіту, у своїй власній спеціалізованій галузі навчання, літературі, яка носить переважно академічний характер. Спільно з науковими співробітниками та асистентами викладачів університетів і вищих навчальних закладів вони готують лекції та іспити, оцінюють роботи й іспити, а також займаються атестацією і розбиранням робіт студентів. Вони також проводять академічні дослідження у відповідній галузі, літературі, публікують свої висновки та взаємодіють із колегами з інших університетів.
	",http://data.europa.eu/esco/occupation/684fd8d5-9b40-4b02-a680-438f0082d923,викладач закладу вищої освіти/викладачка закладу вищої освіти
Occupation,http://data.europa.eu/esco/occupation/9b889f07-c39c-464d-b9d9-b2daa650f9ac,спеціалізований лікар/спеціалізована лікарка,released,,"Спеціалізовані лікарі проводять профілактику, діагностику та лікування хвороб залежно від своєї медичної або хірургічної спеціалізації.
	",http://data.europa.eu/esco/isco/C2212,Лікарі за спеціалізацією
Occupation,http://data.europa.eu/esco/occupation/a36c14e6-ed96-467d-8390-6f9cf47ac350,викладач історії закладу вищої освіти/викладачка історії закладу вищої освіти,released,,"Викладачі історії закладу вищої освіти — це професори, вчителі або викладачі, які навчають студентів, котрі отримали диплом про повну середню освіту, у своїй спеціальній галузі досліджень — історії, яка має переважно академічний характер. Вони працюють зі своїми університетськими науковими помічниками та університетськими помічниками викладачів для підготовки лекцій та іспитів, для оцінювання робіт та іспитів, а також для проведення оглядових зустрічей та обміну думками зі студентами. Вони також проводять наукові дослідження у своїй відповідній галузі історії, публікують їхні результати та підтримують зв’язок з іншими з університетськими колегами.
	",http://data.europa.eu/esco/occupation/684fd8d5-9b40-4b02-a680-438f0082d923,викладач закладу вищої освіти/викладачка закладу вищої освіти
Occupation,http://data.europa.eu/esco/occupation/a63733fa-f7ff-4733-8961-1ec4eeaab00b,науковий співробітник музею/наукова співробітниця музею,released,,"Наукові співробітники музею виконують та/або керують кураторською, підготовчою та канцелярською роботою в загальних музеях, ботанічних садах, художніх галереях, колекціях образотворчого мистецтва, акваріумах або в суміжних сферах. Вони керують колекціями природничих, історичних та антропологічних матеріалів, які мають освітнє, наукове чи естетичне призначення.
	",http://data.europa.eu/esco/isco/C2621,Архіваріуси й зберігачі
Occupation,http://data.europa.eu/esco/occupation/a7a74a05-3dd0-46c6-99af-92df8042520c,мікробіолог/мікробіологиня,released,,"Мікробіологи вивчають і досліджують життєві форми, характеристики та процеси мікроскопічних організмів. Вони вивчають такі мікроорганізми, як бактерії, найпростіші, гриби тощо, щоб діагностувати та протидіяти впливу, який ці мікроорганізми можуть мати на тварин, у навколишньому середовищі, харчовій промисловості чи галузі охорони здоров’я.
	",http://data.europa.eu/esco/occupation/eee68e13-8248-43bb-a9fb-959832a6c217,біолог/біологиня
Occupation,http://data.europa.eu/esco/occupation/a9c7a04d-807a-41b5-b441-87c73c73c9c5,мовознавець/мовознавиця,released,,"Мовознавці досліджують мови з наукової точки зору. Вони володіють мовами і можуть інтерпретувати їх з точки зору їхніх граматичних, семантичних і фонетичних характеристик. Вони досліджують еволюцію мови і спосіб її використання суспільством.
	",http://data.europa.eu/esco/isco/C2643,Письмові та усні перекладачі й інші лінгвісти
Occupation,http://data.europa.eu/esco/occupation/ab360abd-32e2-4e03-967d-a10758efffa7,інженер із мехатроніки/інженерка із мехатроніки,released,,"Інженери з мехатроніки проєктують і розробляють інтелектуальні системи, як-от роботизовані пристрої, розумна побутова техніка та літаки, шляхом поєднання технологій механічної, електронної, комп’ютерної та контрольної техніки. Вони створюють креслення або конструкторські документи для деталей, вузлів або готових виробів за допомогою програмного забезпечення, а також здійснюють загальний контроль і управління проєктами.
	",http://data.europa.eu/esco/occupation/579254cf-6d69-4889-9000-9c79dc568644,інженер-механік/інженерка-механік
Occupation,http://data.europa.eu/esco/occupation/ab3c4d3e-3189-47ad-82af-57cdae3cb589,інженер з виробництва оптичних і оптико-електронних приладів/інженерка з виробництва оптичних і оптико-електронних приладів,released,,"Інженери з виробництва оптичних і оптико-електронних приладів проєктують і розробляють різні промислові застосування, пов’язані з оптикою. Вони володіють знаннями про світло, принципи пропускання світла та оптику, щоб розробляти технічні характеристики такого обладнання, як-от мікроскопи, лінзи, телескопи та інші оптичні пристрої.
	",http://data.europa.eu/esco/isco/C2149,"Професіонали з інженерії, не віднесені до інших категорій"
Occupation,http://data.europa.eu/esco/occupation/ac8b3cd1-a127-4e6a-8208-5cfcf7111955,статистик,released,,"Статистики збирають, зводять у таблиці та, що найважливіше, аналізують кількісну інформацію, що надходить із різноманітних галузей. Вони інтерпретують та аналізують статистичні дослідження у сферах, як-от охорона здоров’я, демографія, фінанси, бізнес тощо, і дають поради на основі схем і графічного аналізу.
	",http://data.europa.eu/esco/isco/C2120,"Математики, актуарії та статистики"
Occupation,http://data.europa.eu/esco/occupation/acf69cab-8629-45c8-ae10-c8fb15f474b6,антрополог/антропологиня,released,,"Антропологи досліджують усі аспекти життя людини. Вони вивчають різні цивілізації, які існували колись, і способи їх організації. Вони намагаються проаналізувати фізичні, соціальні, мовні, політичні, економічні, філософські та культурні аспекти різних народів. Метою їхніх досліджень є розуміння та опис минулого людства та розв’язання актуальних суспільних проблем. Вони проводять дослідження з різних точок зору, як-от філософська антропологія.
	",http://data.europa.eu/esco/isco/C2632,"Соціологи, антропологи й пов’язані з ними професіонали"
Occupation,http://data.europa.eu/esco/occupation/ae2c1bf4-669e-4fec-a7d7-698753699083,викладач філософії закладу вищої освіти/викладачка філософії закладу вищої освіти,released,,"Викладачі філософії закладу вищої освіти — це професори, вчителі або викладачі предметів, які навчають учнів, які отримали диплом про повну середню освіту у своїй спеціальній галузі навчання — філософії, яка має переважно академічний характер. Вони працюють зі своїми університетськими науковими помічниками та університетськими помічниками викладачів для підготовки лекцій та іспитів, для оцінювання робіт та іспитів, а також для проведення оглядів та відгуків щодо учнів. Вони також проводять наукові дослідження у своїй відповідній галузі філософії, публікують свої висновки та підтримують зв’язок з іншими колегами з університету.
	",http://data.europa.eu/esco/occupation/684fd8d5-9b40-4b02-a680-438f0082d923,викладач закладу вищої освіти/викладачка закладу вищої освіти
Occupation,http://data.europa.eu/esco/occupation/ae8b19cc-8c6e-4a16-ada2-c15f97ded133,інженер-оптомеханік/інженерка-оптомеханік,released,,"Інженери-оптомеханіки проєктують і розробляють оптико-механічні системи, пристрої та компоненти, як-от оптичні дзеркала та оптичні кріплення. Оптомеханічна інженерія поєднує оптичну інженерію з механічною інженерією під час проєктування цих систем і пристроїв. Вони проводять дослідження, виконують аналізи, тестують пристрої та контролюють дослідження.
	",http://data.europa.eu/esco/occupation/579254cf-6d69-4889-9000-9c79dc568644,інженер-механік/інженерка-механік
Occupation,http://data.europa.eu/esco/occupation/b0f3f595-4965-4f13-ba5c-f6049b62469f,біометрист/біометристка,released,,"Біометристи проводять дослідження в галузі біометрії. Вони здійснюють статистичні чи біологічні дослідницькі проєкти, вимірюючи відбитки пальців, сітківку ока та фігуру людини для застосування у медицині чи промисловості.
	",http://data.europa.eu/esco/occupation/ac8b3cd1-a127-4e6a-8208-5cfcf7111955,статистик
Occupation,http://data.europa.eu/esco/occupation/b2cede50-82bb-4684-9f11-1930e12ad672,інженер-енергетик/інженерка-енергетик,released,,"Інженери-енергетики розробляють нові, ефективні та чисті способи виробництва, перетворення та розподілу енергії для покращення екологічної стійкості та енергоефективності. Вони займаються видобутком енергії за допомогою природних ресурсів, як-от нафта чи газ, або відновлюваних і стійких джерел, як-от енергія вітру чи сонця.
	",http://data.europa.eu/esco/isco/C2149,"Професіонали з інженерії, не віднесені до інших категорій"
Occupation,http://data.europa.eu/esco/occupation/b3ebf55f-5e50-4262-946a-f08d7fbe29b2,викладач-спеціаліст з охорони здоров’я закладу вищої освіти/викладачка-спеціалістка з охорони здоров’я закладу вищої освіти,released,,"Викладачі-спеціалісти з охорони здоров’я закладу вищої освіти — це професори, вчителі або викладачі, і часто лікарі, які навчають студентів, котрі отримали диплом про повну середню освіту, у своїй спеціальній галузі досліджень — охороні здоров’я, яка має переважно академічний характер. Вони працюють зі своїми університетськими науковими помічниками та університетськими помічниками викладачів для підготовки лекцій та іспитів, для проведення лабораторних практик і для оцінювання робіт та іспитів, а також для проведення оглядових зустрічей та обміну думками зі студентами. Вони також проводять наукові дослідження у своїй відповідній галузі охорони здоров’я, публікують їхні результати та підтримують зв’язок з іншими університетськими колегами.
	",http://data.europa.eu/esco/occupation/684fd8d5-9b40-4b02-a680-438f0082d923,викладач закладу вищої освіти/викладачка закладу вищої освіти
Occupation,http://data.europa.eu/esco/occupation/b5d1912e-89c7-4a66-ab96-0dc5f4f6c426,імунолог/імунологиня,released,,"Імунологи досліджують імунну систему живих організмів (наприклад, людського організму) і те, як вона реагує на зовнішні інфекції або інвазивні шкідливі агенти (наприклад, віруси, бактерії, паразити). Вони зосереджують своє дослідження на тих хворобах, які впливають на імунологію живих організмів, щоб класифікувати їх для лікування.
	",http://data.europa.eu/esco/isco/C2131,"Біологи, ботаніки, зоологи й пов’язані з ними професіонали"
Occupation,http://data.europa.eu/esco/occupation/b65133db-b3de-44d1-88fa-1d3deda08245,викладач правознавства закладу вищої освіти/викладачка правознавства закладу вищої освіти,released,,"Викладачі правознавства закладу вищої освіти — це професори, вчителі або викладачі предметів, які навчають учнів, які отримали диплом про повну середню освіту у своїй спеціальній галузі навчання — правознавстві, яка має переважно академічний характер. Вони працюють зі своїми університетськими науковими помічниками та університетськими помічниками викладачів для підготовки лекцій та іспитів, для оцінювання робіт та іспитів, а також для проведення оглядів та відгуків щодо учнів. Вони також проводять наукові дослідження у своїй відповідній галузі правознавства, публікують свої висновки та підтримують зв’язок з іншими колегами з університету.
	",http://data.europa.eu/esco/occupation/684fd8d5-9b40-4b02-a680-438f0082d923,викладач закладу вищої освіти/викладачка закладу вищої освіти
Occupation,http://data.europa.eu/esco/occupation/b73c752b-9858-4f53-82de-f3a340cbcae9,епідеміолог/епідеміологиня,released,,"Епідеміологи зосереджують свої дослідження на походженні та причинах виникнення хвороб у людей. Вони визначають шляхи розповсюдження хвороб і пропонують заходи профілактики ризику, які допомагають втілити політику охорони здоров’я.
	",http://data.europa.eu/esco/occupation/eee68e13-8248-43bb-a9fb-959832a6c217,біолог/біологиня
Occupation,http://data.europa.eu/esco/occupation/b79cfd33-6e46-4b71-b180-c9a84422f047,сейсмолог/сейсмологиня,released,,"Сейсмологи вивчають рух тектонічних плит Землі, які викликають поширення сейсмічних хвиль і землетрусів. Вони вивчають різні джерела, що викликають землетруси, наприклад, вулканічну активність, атмосферні явища або стан океанів, і спостерігають за ними. Вони надають свої наукові спостереження, щоб запобігти небезпеці в будівництві та інфраструктурі.
	",http://data.europa.eu/esco/occupation/c6196b21-20f9-4608-83fb-6f143afc740d,геолог/геологиня
Occupation,http://data.europa.eu/esco/occupation/bac64fa2-dcd6-47bb-8e5c-04e04a86a199,географ/географиня,released,,"Географи — це вчені, які вивчають соціально-економічну та фізичну географію. Залежно від своєї спеціалізації вони вивчають політичні, економічні та культурні аспекти людства щодо соціально-економічної географії. Крім того, вони вивчають земні формування, ґрунти, природні кордони та водні потоки, що містяться у фізичній географії.
	",http://data.europa.eu/esco/isco/C2632,"Соціологи, антропологи й пов’язані з ними професіонали"
Occupation,http://data.europa.eu/esco/occupation/bb609566-3ab6-44dd-8f48-cf0b15b96827,інженер з автоматизованих систем керування виробництвом/інженерка з автоматизованих систем керування виробництвом,released,,"Інженери з автоматизованих систем керування виробництвом досліджують, проєктують і розробляють програми та системи для автоматизації виробничого процесу. Вони впроваджують технології та зменшують, якщо це можливо, людський внесок, щоб повністю розкрити потенціал промислової робототехніки. Інженери з автоматизованих систем керування виробництвом контролюють процес і забезпечують безпечну та безперебійну роботу всіх систем.
	",http://data.europa.eu/esco/occupation/d7380260-1386-4e36-98b5-8115ca4a3536,інженер-технолог з нагляду за виробництвом/інженерка-технолог з нагляду за виробництвом
Occupation,http://data.europa.eu/esco/occupation/bc659adc-f42c-4ef6-89fe-fd030033f446,космолог/космологиня,released,,"Космологи зосереджуються на вивченні Всесвіту в цілому, що складається з його походження, еволюції та кінцевої долі. Вони використовують інструменти та наукові прилади для спостереження та вивчення інших галактик і астрономічних об’єктів, як-от зірки, чорні діри, планети та інші небесні тіла.
	",http://data.europa.eu/esco/isco/C2111,Фізики й астрономи
Occupation,http://data.europa.eu/esco/occupation/be3c021d-bd93-45a0-ad32-e8fa8e0d17ef,викладач сучасних мов закладу вищої освіти/викладачка сучасних мов закладу вищої освіти,released,,"Викладачі сучасних мов закладу вищої освіти – це професори, викладачі або лектори, які спеціалізуються на певних предметах і навчають студентів, що отримали диплом про повну середню освіту, у своїй власній спеціалізованій галузі навчання, сучасних мовах, яка носить переважно академічний характер. Спільно з науковими співробітниками та асистентами викладачів університетів вони готують лекції та іспити, оцінюють роботи й іспити, а також займаються атестацією і розбиранням робіт учнів. Вони також проводять академічні дослідження у відповідній галузі сучасних мов, публікують свої висновки та взаємодіють із колегами з інших університетів.
	",http://data.europa.eu/esco/occupation/684fd8d5-9b40-4b02-a680-438f0082d923,викладач закладу вищої освіти/викладачка закладу вищої освіти
Occupation,http://data.europa.eu/esco/occupation/bfc92738-128b-44f5-92d4-51b10df17961,філософ/філософиня,released,,"Філософи вивчають і обговорюють загальні та структурні проблеми суспільства, людства і окремих людей. У них добре розвинені раціональні здібності та здібності до аргументування, тому вони беруть участь у дискусіях, пов’язаних із існуванням, системами цінностей, знаннями або реальністю. Під час дискусій вони звертаються до логіки, яка веде до глибоких і абстрактних рівнів мислення.
	",http://data.europa.eu/esco/isco/C2633,"Філософи, історики й політологи"
Occupation,http://data.europa.eu/esco/occupation/bff7e8a3-6206-4d38-b25f-fcb6e634c7af,викладач археології закладу вищої освіти/викладачка археології закладу вищої освіти,released,,"Викладачі археології закладу вищої освіти – це професори, викладачі або лектори, які спеціалізуються на викладанні певних предметів і навчають студентів, що отримали диплом про повну середню освіту, у спеціалізованій галузі досліджень – археології, яка носить переважно академічний характер. Спільно з науковими співробітниками та асистентами викладачів університетів вони готують лекції та іспити, оцінюють роботи й іспити, а також займаються атестацією і розбиранням робіт студентів. Вони також проводять академічні дослідження у відповідній галузі археології, публікують свої висновки та взаємодіють із колегами з інших університетів.
	",http://data.europa.eu/esco/occupation/684fd8d5-9b40-4b02-a680-438f0082d923,викладач закладу вищої освіти/викладачка закладу вищої освіти
Occupation,http://data.europa.eu/esco/occupation/c25b3700-6095-42b7-99fc-b87dc326c044,дослідник-аграрій/дослідниця-аграрійка,released,,"Дослідники-аграрії досліджують ґрунт, тварин і рослини з метою покращення сільськогосподарських процесів, якості сільськогосподарської продукції або впливу сільськогосподарських процесів на навколишнє середовище. Вони планують і реалізують такі проєкти, як проєкти розвитку від імені клієнтів або установ.
	",http://data.europa.eu/esco/isco/C2132,"Радники із сільського, лісового й рибного господарства"
Occupation,http://data.europa.eu/esco/occupation/c262bb96-03bb-4c97-a45b-0cf36db5b048,асистент викладача закладу вищої освіти/асистентка викладача закладу вищої освіти,released,,"Асистенти викладача закладу вищої освіти розподіляють навчальне навантаження з викладачами університетів чи коледжів, зокрема, читають лекції студентам. Вони готують і проводять заняття, а також зустрічаються зі студентами індивідуально щодо оцінок. Вони також поєднують свої лекційні та інші академічні обов’язки з проведенням власних досліджень у своїй галузі навчання. Асистенти викладача закладу вищої освіти обіймають автономну посаду на повний робочий день, попри те, що назва професії містить елемент підпорядкування.
	",http://data.europa.eu/esco/occupation/684fd8d5-9b40-4b02-a680-438f0082d923,викладач закладу вищої освіти/викладачка закладу вищої освіти
Occupation,http://data.europa.eu/esco/occupation/c3b82711-273d-4fa8-8de7-0ac3d99c16fc,викладач інформатики закладу вищої освіти/викладачка інформатики закладу вищої освіти,released,,"Викладачі інформатики закладу вищої освіти – це професори, викладачі або лектори, які спеціалізуються на певних предметах і навчають студентів, що отримали диплом про повну середню освіту, у своїй власній спеціалізованій галузі навчання, інформатиці, яка носить переважно академічний характер. Спільно з науковими співробітниками та асистентами викладачів університетів вони готують лекції та іспити, оцінюють роботи й іспити, а також займаються атестацією і розбиранням робіт учнів. Вони також проводять академічні дослідження у відповідній галузі інформатики, публікують свої висновки та взаємодіють із колегами з інших університетів.
	",http://data.europa.eu/esco/occupation/684fd8d5-9b40-4b02-a680-438f0082d923,викладач закладу вищої освіти/викладачка закладу вищої освіти
Occupation,http://data.europa.eu/esco/occupation/c549f0de-c415-428e-865c-973bcd224b39,викладач мовознавства закладу вищої освіти/викладачка мовознавства закладу вищої освіти,released,,"Викладачі мовознавства закладу вищої освіти — це професори, вчителі або викладачі , які навчають студентів, котрі отримали диплом про повну середню освіту, у своїй спеціальній галузі досліджень — мовознавстві, яка має переважно академічний характер. Вони працюють зі своїми університетськими науковими помічниками та університетськими помічниками викладачів \nдля підготовки лекцій та іспитів, для оцінювання робіт та іспитів, а також для проведення оглядових зустрічей та обміну думками зі студентами. Вони також проводять наукові дослідження у своїй відповідній галузі мовознавства, публікують їхні результати та підтримують зв’язок з іншими з університетськими колегами.
	",http://data.europa.eu/esco/occupation/684fd8d5-9b40-4b02-a680-438f0082d923,викладач закладу вищої освіти/викладачка закладу вищої освіти
Occupation,http://data.europa.eu/esco/occupation/c593ded7-2e97-44a5-a5f3-f6115ff98233,викладач політології закладу вищої освіти/викладачка політології закладу вищої освіти,released,,"Викладачі політології закладу вищої освіти — це професори, вчителі або викладачі, які навчають студентів, котрі отримали диплом про повну середню освіту, у своїй спеціальній галузі досліджень — політології, яка має переважно академічний характер. Вони працюють зі своїми університетськими науковими помічниками та університетськими помічниками викладачів \nдля підготовки лекцій та іспитів, для оцінювання робіт та іспитів, а також для проведення оглядових зустрічей та обміну думками зі студентами. Вони також проводять наукові дослідження у своїй відповідній галузі політології, публікують їхні результати та підтримують зв’язок з іншими з університетськими колегами.
	",http://data.europa.eu/esco/occupation/684fd8d5-9b40-4b02-a680-438f0082d923,викладач закладу вищої освіти/викладачка закладу вищої освіти
Occupation,http://data.europa.eu/esco/occupation/c6196b21-20f9-4608-83fb-6f143afc740d,геолог/геологиня,released,,"Геологи досліджують речовини, з яких складається Земля. Їхні спостереження залежать від мети дослідження. Залежно від спеціалізації, геологи вивчають те, як Земля формувалася з часом, її геологічні шари, якість корисних копалин для гірничих цілей, землетруси та вулканічну активність для приватних послуг і подібні явища.
	",http://data.europa.eu/esco/isco/C2114,Геологи й геофізики
Occupation,http://data.europa.eu/esco/occupation/c8fa93eb-7c2c-42c3-b135-c2e825a6615e,інженер із випробувань/інженерка із випробувань,released,,"Інженери із випробувань планують і проводять детальні тести якості на різних етапах процесу проєктування, аби переконатися, що системи належним чином встановлені і працюють правильно. Вони аналізують дані, зібрані під час випробувань, і складають звіти. Вони також відповідають за безпеку випробувальних операцій.
	",http://data.europa.eu/esco/isco/C2149,"Професіонали з інженерії, не віднесені до інших категорій"
Occupation,http://data.europa.eu/esco/occupation/c90a6ebe-adcc-4395-9f5b-ff3e96e93cef,викладач релігієзнавства закладу вищої освіти/викладачка релігієзнавства закладу вищої освіти,released,,"Викладачі релігієзнавства закладу вищої освіти — це професори, вчителі або викладачі, які навчають студентів, котрі отримали диплом про повну середню освіту, у своїй спеціальній галузі досліджень — релігієзнавстві, яка має переважно академічний характер. Вони працюють зі своїми університетськими науковими помічниками та університетськими помічниками викладачів для підготовки лекцій та іспитів, для оцінювання робіт та іспитів, а також для проведення оглядових зустрічей та обміну думками зі студентами. Вони також проводять наукові дослідження у своїй відповідній галузі релігієзнавства, публікують їхні результати та підтримують зв’язок з іншими з університетськими колегами.
	",http://data.europa.eu/esco/occupation/684fd8d5-9b40-4b02-a680-438f0082d923,викладач закладу вищої освіти/викладачка закладу вищої освіти
Occupation,http://data.europa.eu/esco/occupation/d7d986e1-7333-431b-9719-0c5c6939e360,інженер-будівельник/інженерка-будівельниця,released,,"Інженери-будівельники проєктують, планують і розробляють технічні та інженерні умови для інфраструктурних і будівельних проєктів. Вони застосовують інженерні знання в широкому спектрі проєктів, від будівництва інфраструктури для транспорту, проєктуванні житла та розкішних будівель до будівництва природних об’єктів. Вони розробляють плани, спрямовані на оптимізацію матеріалів та інтеграцію специфікацій та розподілу ресурсів у рамках тимчасових обмежень.
	",http://data.europa.eu/esco/isco/C2142,Інженери-будівельники
Occupation,http://data.europa.eu/esco/occupation/dab9c6dd-8efb-4fe2-8b10-477ef2bcfd8b,викладач математики закладу вищої освіти/викладачка математики закладу вищої освіти,released,,"Викладачі математики закладу вищої освіти навчають учнів, які отримали диплом про повну середню освіту у своїй спеціальній галузі навчання — математиці, яка має переважно академічний характер. Вони працюють зі своїми університетськими науковими помічниками та університетськими помічниками викладачів для підготовки лекцій та іспитів, для оцінювання робіт та іспитів, а також для проведення оглядів та відгуків щодо учнів. Вони також проводять наукові дослідження у своїй відповідній галузі математики, публікують свої висновки та підтримують зв’язок з іншими колегами з університету.
	",http://data.europa.eu/esco/occupation/684fd8d5-9b40-4b02-a680-438f0082d923,викладач закладу вищої освіти/викладачка закладу вищої освіти
Occupation,http://data.europa.eu/esco/occupation/e14548c8-c2b9-4ef8-8670-d5967d7ad804,планувальник міст/планувальниця міст,released,,"Планувальники міст створюють плани розвитку невеликих міст, міських територій, великих міст і регіонів. Вони досліджують потреби громади чи регіону (економічні, соціальні, транспортні) та оцінюють інші параметри, як-от сталість довкілля, щоб представити надійні програми, спрямовані на покращення умов певної місцевості.
	",http://data.europa.eu/esco/isco/C2164,Плановик в сфері містобудування та дорожнього будівництва
Occupation,http://data.europa.eu/esco/occupation/e3229e40-f571-4b26-baca-29edc8fe313e,дослідник у галузі інформатики/дослідниця у галузі інформатики,released,,"Дослідники у галузі інформатики проводять дослідження в галузі комп’ютерної та інформаційної науки, спрямовані на підвищення знань і розуміння фундаментальних аспектів явищ ІКТ. Вони складають дослідницькі звіти та пропозиції. Дослідники у галузі інформатики також винаходять і розробляють нові підходи до обчислювальної технології, знаходять інноваційні способи використання наявних технологій та досліджень і розв’язують складні проблеми в обчислювальній техніці.
	",http://data.europa.eu/esco/isco/C2511,Системні аналітики
Occupation,http://data.europa.eu/esco/occupation/e3cc09ba-7ad5-4411-940c-20613000863a,природоохоронник-дослідник/природоохоронниця-дослідниця,released,,"Природоохоронники-дослідники займаються наглядом за конкретними лісами, парками та іншими природними ресурсами. Вони захищають середовище існування диких тварин, біорізноманіття, мальовничу цінність та інші унікальні атрибути заповідників і природоохоронних угідь. Природоохоронники-дослідники проводять роботи на місцях.
	",http://data.europa.eu/esco/isco/C2133,Професіонали з охорони навколишнього середовища
Occupation,http://data.europa.eu/esco/occupation/e74513c3-8ba8-462f-978c-0450522f4427,викладач хімії закладу вищої освіти/викладачка хімії закладу вищої освіти,released,,"Викладачі хімії закладу вищої освіти — це професори, вчителі або викладачі предметів, які навчають студентів, котрі отримали диплом про повну середню освіту, у своїй спеціальній галузі досліджень — хімії, яка має переважно академічний характер. Вони працюють зі своїми університетськими науковими помічниками та університетськими помічниками викладачів \nдля підготовки лекцій та іспитів, для проведення лабораторних практик, оцінювання робіт, а також для проведення оглядових зустрічей та обміну думками зі студентами. Вони також проводять наукові дослідження у своїй галузі хімії, публікують їхні результати та підтримують зв’язок з іншими колегами з університету.
	",http://data.europa.eu/esco/occupation/684fd8d5-9b40-4b02-a680-438f0082d923,викладач закладу вищої освіти/викладачка закладу вищої освіти
Occupation,http://data.europa.eu/esco/occupation/e9f50268-4dab-4579-90c2-2ff219eb56f1,викладач інженерної справи закладу вищої освіти/викладачка інженерної справи закладу вищої освіти,released,,"Викладачі інженерної справи закладу вищої освіти — це професори, вчителі або викладачі, які навчають студентів, котрі отримали диплом про повну середню освіту, у своїй спеціальній галузі досліджень — інженерній справі, яка має переважно академічний характер. Вони працюють зі своїми університетськими науковими помічниками та університетськими помічниками викладачів для підготовки лекцій та іспитів, для проведення лабораторних практик, оцінювання робіт та іспитів, а також для проведення оглядових зустрічей та обміну думками зі студентами. Вони також проводять наукові дослідження у своїй галузі інженерної справи, публікують їхні результати та підтримують зв’язок з іншими університетськими колегами.
	",http://data.europa.eu/esco/occupation/684fd8d5-9b40-4b02-a680-438f0082d923,викладач закладу вищої освіти/викладачка закладу вищої освіти
Occupation,http://data.europa.eu/esco/occupation/eee68e13-8248-43bb-a9fb-959832a6c217,біолог/біологиня,released,,"Біологи вивчають живі організми та життя в його широкому розумінні, а також навколишнє середовище. Вони мають на меті пояснити функціональні механізми, взаємодію та еволюцію організмів за допомогою досліджень.
	",http://data.europa.eu/esco/isco/C2131,"Біологи, ботаніки, зоологи й пов’язані з ними професіонали"
Occupation,http://data.europa.eu/esco/occupation/f3d8bc61-f812-4106-afd2-a356e4c11fce,літературознавець/літературознавиця,released,,"Літературознавці досліджують твори літератури, історію літератури, жанри та літературну критику, щоб оцінити твори та навколишні аспекти у відповідному контексті та отримати результати досліджень щодо конкретних тем у галузі літератури.
	",http://data.europa.eu/esco/isco/C2641,Письменники та інші літератори
Occupation,http://data.europa.eu/esco/occupation/f3e23761-0663-4ae0-97a2-0b2dd3fa38a1,інженер-біохімік/інженерка-біохімікиня,released,,"Інженери-біохіміки проводять дослідження в галузі природознавства, прагнучи до нових відкриттів. Вони використовують ці висновки, щоб створити хімічні розчини, які можуть покращити добробут суспільства, наприклад, розчини для вакцин, відновлення тканин, покращення врожаю та досягнення екологічних технологій, як-от чистіше паливо з природних ресурсів.
	",http://data.europa.eu/esco/occupation/ec21ce88-ce14-49b6-be0a-cc53cf5a3a67,інженер-хімік/інженерка-хімік
Occupation,http://data.europa.eu/esco/occupation/fa5b9075-3796-4e86-be0a-b5e6d725c25a,метролог/метрологиня,released,,"Метрологи вивчають  науку про вимірювання і займаються нею. Вони розробляють кількісні системи, одиниці вимірювання та методи вимірювання для застосування в науці. Метрологи створюють нові методи та інструменти, щоб кількісно оцінювати та краще розуміти інформацію.
	",http://data.europa.eu/esco/isco/C2112,Метеорологи
Occupation,http://data.europa.eu/esco/occupation/fbc9ab3e-18f1-4b7b-8cd5-d6374ed5e9a9,викладач класичних мов закладу вищої освіти/викладачка класичних мов закладу вищої освіти,released,,"Викладачі класичних мов закладу вищої освіти — це професори, вчителі або викладачі, які навчають студентів, котрі отримали диплом про повну середню освіту, у своїй спеціальній галузі досліджень — класичних мовах, яка має переважно академічний характер. Вони працюють зі своїми університетськими науковими помічниками та університетськими помічниками викладачів для підготовки лекцій та іспитів, для оцінювання робіт та іспитів, а також для проведення оглядових зустрічей та обміну думками зі студентами. Вони також проводять наукові дослідження у своїй відповідній галузі класичних мов, публікують їхні результати та підтримують зв’язок з іншими з університетськими колегами.
	",http://data.europa.eu/esco/occupation/684fd8d5-9b40-4b02-a680-438f0082d923,викладач закладу вищої освіти/викладачка закладу вищої освіти
Occupation,http://data.europa.eu/esco/occupation/ff656b3a-65a8-4b4f-b04e-9db12936519b,демограф/демографиня,released,,"Демографи вивчають різноманітні показник, пов’язані з населенням. На основі своїх спостережень вони розробляють статистичні аналізи еволюції та змін народжуваності, кількості людей похилого віку, одружень та розлучень, зайнятості, смертності, імміграції та пов’язаних з цим питань.
	",http://data.europa.eu/esco/isco/C2120,"Математики, актуарії та статистики"
